{
  "busses" : [
    { "id" : "10_van_horne", "title" : "Van Horne" },
    { "id" : "100_flemingdon_park", "title" : "Flemingdon Park" },
    { "id" : "101_downsview_park", "title" : "Downsview Park" },
    { "id" : "102_markham_rd", "title" : "Markham Rd" },
    { "id" : "103_mount_pleasant_north", "title" : "Mt Pleasant North" },
    { "id" : "104_faywood", "title" : "Faywood" },
    { "id" : "105_dufferin_north", "title" : "Dufferin North" },
    { "id" : "106_york_university", "title" : "York University" },
    { "id" : "107_keele_north", "title" : "Keele North" },
    { "id" : "108_downsview", "title" : "Downsview" },
    { "id" : "109_ranee", "title" : "Ranee" },
    { "id" : "11_bayview", "title" : "Bayview" },
    { "id" : "110_islington_south", "title" : "Islington South" },
    { "id" : "111_east_mall", "title" : "East Mall" },
    { "id" : "112_west_mall", "title" : "West Mall" },
    { "id" : "113_danforth", "title" : "Danforth" },
    { "id" : "115_silver_hills", "title" : "Silver Hills" },
    { "id" : "116_morningside", "title" : "Morningside" },
    { "id" : "117_alness", "title" : "Alness" },
    { "id" : "12_kingston_rd", "title" : "Kingston Rd" },
    { "id" : "120_calvington", "title" : "Calvington" },
    { "id" : "122_graydon_hall", "title" : "Graydon Hall" },
    { "id" : "123_shorncliffe", "title" : "Shorncliffe" },
    { "id" : "124_sunnybrook", "title" : "Sunnybrook" },
    { "id" : "125_drewry", "title" : "Drewry" },
    { "id" : "126_christie", "title" : "Christie" },
    { "id" : "127_davenport", "title" : "Davenport" },
    { "id" : "129_mccowan_north", "title" : "MCcowan North" },
    { "id" : "130_middlefield", "title" : "Middlefield" },
    { "id" : "131_nugget", "title" : "Nugget" },
    { "id" : "132_milner", "title" : "Milner" },
    { "id" : "133_neilson", "title" : "Neilson" },
    { "id" : "134_progress", "title" : "Progress" },
    { "id" : "135_gerrard", "title" : "Gerrard" },
    { "id" : "139_finch-Don_mills", "title" : "Finch-Don Mills" },
    { "id" : "14_glencairn", "title" : "Glencairn" },
    { "id" : "141_downtown-Mount_pleasant", "title" : "Downtown/Mt Pleasant Express" },
    { "id" : "142_downtown-Avenue_rd", "title" : "Downtown/Avenue Rd Express" },
    { "id" : "143_downtown-Beach", "title" : "Downtown/Beach Express" },
    { "id" : "144_downtown-Don_valley", "title" : "Downtown/Don Valley Express" },
    { "id" : "145_downtown-Humber_bay", "title" : "Downtown/Humber Bay Express" },
    { "id" : "15_evans", "title" : "Evans" },
    { "id" : "16_mccowan", "title" : "MCcowan" },
    { "id" : "160_bathurst_north", "title" : "Bathurst North" },
    { "id" : "161_rogers_rd", "title" : "Rogers Rd" },
    { "id" : "162_lawrence-Donway", "title" : "Lawrence - Donway" },
    { "id" : "165_weston_rd_north", "title" : "Weston Rd North" },
    { "id" : "167_pharmacy_north", "title" : "Pharmacy North" },
    { "id" : "168_symington", "title" : "Symington" },
    { "id" : "169_huntingwood", "title" : "Huntingwood" },
    { "id" : "17_birchmount", "title" : "Birchmount" },
    { "id" : "171_mount_dennis", "title" : "Mount Dennis" },
    { "id" : "172_cherry_street", "title" : "Cherry Street" },
    { "id" : "190_scarborough_centre_rocket", "title" : "Scarborough Centre Rocket" },
    { "id" : "191_highway_27_rocket", "title" : "Highway 27 Rocket" },
    { "id" : "192_airport_rocket", "title" : "Airport Rocket" },
    { "id" : "195_jane_rocket", "title" : "Jane Rocket" },
    { "id" : "196_york_university_rocket", "title" : "York University Rocket" },
    { "id" : "199_finch_rocket", "title" : "Finch Rocket" },
    { "id" : "1S_yonge_subway_shuttle", "title" : "Yonge Subway Shuttle" },
    { "id" : "20_cliffside", "title" : "Cliffside" },
    { "id" : "21_brimley", "title" : "Brimley" },
    { "id" : "22_coxwell", "title" : "Coxwell" },
    { "id" : "224_victoria_park_north", "title" : "Victoria Park North" },
    { "id" : "23_dawes", "title" : "Dawes" },
    { "id" : "24_victoria_park", "title" : "Victoria Park" },
    { "id" : "25_don_mills", "title" : "Don Mills" },
    { "id" : "26_dupont", "title" : "Dupont" },
    { "id" : "28_davisville", "title" : "Davisville" },
    { "id" : "29_dufferin", "title" : "Dufferin" },
    { "id" : "30_lambton", "title" : "Lambton" },
    { "id" : "300_bloor-Danforth", "title" : "Bloor - Danforth" },
    { "id" : "301_queen", "title" : "Queen" },
    { "id" : "302_danforth_rd-Mccowan", "title" : "Danforth Rd - MCcowan" },
    { "id" : "303_don_mills", "title" : "Don Mills" },
    { "id" : "305_eglinton_east", "title" : "Eglinton East" },
    { "id" : "306_carlton", "title" : "Carlton" },
    { "id" : "307_eglinton_west", "title" : "Eglinton West" },
    { "id" : "308_finch_east", "title" : "Finch East" },
    { "id" : "309_finch_west", "title" : "Finch West" },
    { "id" : "31_greenwood", "title" : "Greenwood" },
    { "id" : "310_bathurst", "title" : "Bathurst" },
    { "id" : "311_islington", "title" : "Islington" },
    { "id" : "312_st_clair", "title" : "St Clair" },
    { "id" : "313_jane", "title" : "Jane" },
    { "id" : "316_ossington", "title" : "Ossington" },
    { "id" : "319_wilson", "title" : "Wilson" },
    { "id" : "32_eglinton_west", "title" : "Eglinton West" },
    { "id" : "320_yonge", "title" : "Yonge" },
    { "id" : "321_york_mills", "title" : "York Mills" },
    { "id" : "322_coxwell", "title" : "Coxwell" },
    { "id" : "324_victoria_park", "title" : "Victoria Park" },
    { "id" : "329_dufferin", "title" : "Dufferin" },
    { "id" : "33_forest_hill", "title" : "Forest Hill" },
    { "id" : "34_eglinton_east", "title" : "Eglinton East" },
    { "id" : "35_jane", "title" : "Jane" },
    { "id" : "352_lawrence_west", "title" : "Lawrence West" },
    { "id" : "353_steeles_east", "title" : "Steeles East" },
    { "id" : "354_lawrence_east", "title" : "Lawrence East" },
    { "id" : "36_finch_west", "title" : "Finch West" },
    { "id" : "37_islington", "title" : "Islington" },
    { "id" : "38_highland_creek", "title" : "Highland Creek" },
    { "id" : "385_sheppard_east", "title" : "Sheppard East" },
    { "id" : "39_finch_east", "title" : "Finch East" },
    { "id" : "40_junction", "title" : "Junction" },
    { "id" : "41_keele", "title" : "Keele" },
    { "id" : "42_cummer", "title" : "Cummer" },
    { "id" : "43_kennedy", "title" : "Kennedy" },
    { "id" : "44_kipling_south", "title" : "Kipling South" },
    { "id" : "45_kipling", "title" : "Kipling" },
    { "id" : "46_martin_grove", "title" : "Martin Grove" },
    { "id" : "47_lansdowne", "title" : "Lansdowne" },
    { "id" : "48_rathburn", "title" : "Rathburn" },
    { "id" : "49_bloor_west", "title" : "Bloor West" },
    { "id" : "5_avenue_rd", "title" : "Avenue Rd" },
    { "id" : "50_burnhamounthorpe", "title" : "Burnhamthorpe" },
    { "id" : "501_queen", "title" : "Queen" },
    { "id" : "502_downtowner", "title" : "Downtowner" },
    { "id" : "503_kingston_rd", "title" : "Kingston Rd" },
    { "id" : "504_king", "title" : "King" },
    { "id" : "505_dundas", "title" : "Dundas" },
    { "id" : "506_carlton", "title" : "Carlton" },
    { "id" : "508_lake_shore_rd", "title" : "Lake Shore Rd" },
    { "id" : "509_harbourfront", "title" : "Harbourfront" },
    { "id" : "51_leslie", "title" : "Leslie" },
    { "id" : "510_spadina", "title" : "Spadina" },
    { "id" : "511_bathurst", "title" : "Bathurst" },
    { "id" : "512_st_clair", "title" : "St Clair" },
    { "id" : "52_lawrence_west", "title" : "Lawrence West" },
    { "id" : "53_steeles_east", "title" : "Steeles East" },
    { "id" : "54_lawrence_east", "title" : "Lawrence East" },
    { "id" : "55_warren_park", "title" : "Warren Park" },
    { "id" : "56_leaside", "title" : "Leaside" },
    { "id" : "57_midland", "title" : "Midland" },
    { "id" : "59_maple_leaf", "title" : "Maple Leaf" },
    { "id" : "6_bay", "title" : "Bay" },
    { "id" : "60_steeles_west", "title" : "Steeles West" },
    { "id" : "61_avenue_rd_north", "title" : "Avenue Rd North" },
    { "id" : "62_mortimer", "title" : "Mortimer" },
    { "id" : "63_ossington", "title" : "Ossington" },
    { "id" : "64_main", "title" : "Main" },
    { "id" : "65_parliament", "title" : "Parliament" },
    { "id" : "66_prince_edward", "title" : "Prince Edward" },
    { "id" : "67_pharmacy", "title" : "Pharmacy" },
    { "id" : "68_warden", "title" : "Warden" },
    { "id" : "69_warden_south", "title" : "Warden South" },
    { "id" : "7_bathurst", "title" : "Bathurst" },
    { "id" : "70_o'Connor", "title" : "O'Connor" },
    { "id" : "71_runnymede", "title" : "Runnymede" },
    { "id" : "72_pape", "title" : "Pape" },
    { "id" : "73_royal_york", "title" : "Royal York" },
    { "id" : "74_mount_pleasant", "title" : "Mt Pleasant" },
    { "id" : "75_sherbourne", "title" : "Sherbourne" },
    { "id" : "76_royal_york_south", "title" : "Royal York South" },
    { "id" : "77_swansea", "title" : "Swansea" },
    { "id" : "78_st_andrews", "title" : "St Andrews" },
    { "id" : "79_scarlett_rd", "title" : "Scarlett Rd" },
    { "id" : "8_broadview", "title" : "Broadview" },
    { "id" : "80_queensway", "title" : "Queensway" },
    { "id" : "81_thorncliffe_park", "title" : "Thorncliffe Park" },
    { "id" : "82_rosedale", "title" : "Rosedale" },
    { "id" : "83_jones", "title" : "Jones" },
    { "id" : "84_sheppard_west", "title" : "Sheppard West" },
    { "id" : "85_sheppard_east", "title" : "Sheppard East" },
    { "id" : "86_scarborough", "title" : "Scarborough" },
    { "id" : "87_cosburn", "title" : "Cosburn" },
    { "id" : "88_south_leaside", "title" : "South Leaside" },
    { "id" : "89_weston", "title" : "Weston" },
    { "id" : "9_bellamy", "title" : "Bellamy" },
    { "id" : "90_vaughan", "title" : "Vaughan" },
    { "id" : "91_woodbine", "title" : "Woodbine" },
    { "id" : "92_woodbine_south", "title" : "Woodbine South" },
    { "id" : "94_wellesley", "title" : "Wellesley" },
    { "id" : "95_york_mills", "title" : "York Mills" },
    { "id" : "96_wilson", "title" : "Wilson" },
    { "id" : "97_yonge", "title" : "Yonge" },
    { "id" : "98_willowdale-Senlac", "title" : "Willowdale - Senlac" },
    { "id" : "99_arrow_road", "title" : "Arrow Road" }
  ],
  "bloor_line" : [
    { "id" : "bloor-yonge_station", "title" : "Bloor-Yonge Station" },
    { "id" : "castle_frank_station", "title" : "Castle Frank Station" },
    { "id" : "kipling_station_subway_platform", "title" : "Kipling Station" },
    { "id" : "islington_station_subway_platform", "title" : "Islington Station" },
    { "id" : "royal_york_station_eastbound_platform", "title" : "Royal York Station" },
    { "id" : "old_mill_station_eastbound_platform", "title" : "Old Mill Station" },
    { "id" : "jane_station_eastbound_platform", "title" : "Jane Station" },
    { "id" : "runnymede_station_eastbound_platform", "title" : "Runnymede Station" },
    { "id" : "high_park_station_eastbound_platform", "title" : "High Park Station" },
    { "id" : "keele_station_eastbound_platform", "title" : "Keele Station" },
    { "id" : "dundas_west_station_eastbound_platform", "title" : "Dundas West Station" },
    { "id" : "lansdowne_station_eastbound_platform", "title" : "Lansdowne Station" },
    { "id" : "dufferin_station_eastbound_platform", "title" : "Dufferin Station" },
    { "id" : "ossington_station_eastbound_platform", "title" : "Ossington Station" },
    { "id" : "christie_station_eastbound_platform", "title" : "Christie Station" },
    { "id" : "bathurst_station_eastbound_platform", "title" : "Bathurst Station" },
    { "id" : "spadina_station_eastbound_platform", "title" : "Spadina Station" },
    { "id" : "st_george_station_east-west_platform", "title" : "St George Station" },
    { "id" : "bay_station_subway_platform", "title" : "Bay Station" },
    { "id" : "bloor-yonge_station_east-west_platform", "title" : "Bloor-Yonge Station" },
    { "id" : "sherbourne_station_eastbound_platform", "title" : "Sherbourne Station" },
    { "id" : "castle_frank_station_eastbound_platform", "title" : "Castle Frank Station" },
    { "id" : "broadview_station_eastbound_platform", "title" : "Broadview Station" },
    { "id" : "chester_station_eastbound_platform", "title" : "Chester Station" },
    { "id" : "pape_station_eastbound_platform", "title" : "Pape Station" },
    { "id" : "donlands_station_eastbound_platform", "title" : "Donlands Station" },
    { "id" : "greenwood_station_eastbound_platform", "title" : "Greenwood Station" },
    { "id" : "coxwell_station_eastbound_platform", "title" : "Coxwell Station" },
    { "id" : "woodbine_station_eastbound_platform", "title" : "Woodbine Station" },
    { "id" : "main_street_station_eastbound_platform", "title" : "Main Street Station" },
    { "id" : "victoria_park_station_eastbound_platform", "title" : "Victoria Park Station" },
    { "id" : "warden_station_subway_platform", "title" : "Warden Station" },
    { "id" : "kennedy_station_subway_platform", "title" : "Kennedy Station" },
    { "id" : "lawrence_east_station", "title" : "Lawrence East Station" },
    { "id" : "ellesmere_station", "title" : "Ellesmere Station" },
    { "id" : "midland_station", "title" : "Midland Station" },
    { "id" : "scarborough_center_station", "title" : "Scarborough Centre Station" },
    { "id" : "mccowan_station", "title" : "Mccowan Station" }
  ],
  "sheppard_line" : [
    { "id" : "north_york_centre_station", "title" : "North York Centre Station" },
    { "id" : "bayview_station", "title" : "Bayview Station" },
    { "id" : "bessarion_station", "title" : "Bessarion Station" },
    { "id" : "leslie_station", "title" : "Leslie Station" },
    { "id" : "don_mills_station", "title" : "Don Mills Station" }
  ],
  "yonge_line" : [
    { "id" : "finch_station", "title" : "Finch Station" },
    { "id" : "north_york_centre_station", "title" : "North York Centre Station" },
    { "id" : "york_mills_station", "title" : "York Mills Station" },
    { "id" : "sheppard-yonge_station", "title" : "Sheppard-Yonge Station" },
    { "id" : "lawrence_station", "title" : "Lawrence Station" },
    { "id" : "eglinton_station", "title" : "Eglinton Station" },
    { "id" : "davisville_station", "title" : "Davisville Station" },
    { "id" : "st_clair_station", "title" : "ST Clair Station" },
    { "id" : "summerhill_station", "title" : "Summerhill Station" },
    { "id" : "rosedale_station", "title" : "Rosedale Station" },
    { "id" : "bloor-yonge_station", "title" : "Bloor-Yonge Station" },
    { "id" : "wellesley_station", "title" : "Wellesley Station" },
    { "id" : "college_station", "title" : "College Station" },
    { "id" : "dundas_station", "title" : "Dundas Station" },
    { "id" : "queen_station", "title" : "Queen Station" },
    { "id" : "king_station", "title" : "King Station" },
    { "id" : "union_station", "title" : "Union Station" },
    { "id" : "st_andrew_station", "title" : "St Andrew Station" },
    { "id" : "osgoode_station", "title" : "Osgoode Station" },
    { "id" : "st_patrick_station", "title" : "St Patrick Station" },
    { "id" : "queens_park_station", "title" : "Queens Park Station" },
    { "id" : "museum_station", "title" : "Museum Station" },
    { "id" : "st_george_station", "title" : "St George Station" },
    { "id" : "spadina_station", "title" : "Spadina Station" },
    { "id" : "dupont_station", "title" : "Dupont Station" },
    { "id" : "st_clair_west_station", "title" : "St Clair West Station" },
    { "id" : "eglinton_west_station", "title" : "Eglinton West Station" },
    { "id" : "lawrence_west_station", "title" : "Lawrence West Station" },
    { "id" : "glencairn_station", "title" : "Glencairn Station" },
    { "id" : "lawrence_west_station", "title" : "Lawrence West Station" },
    { "id" : "glencairn_station", "title" : "Glencairn Station" },
    { "id" : "yorkdale_station", "title" : "Yorkdale Station" },
    { "id" : "wilson_station", "title" : "Wilson Station" },
    { "id" : "downsview_station", "title" : "Downsview Station" }
  ]
}
